ID,Confirmed,Deaths
0,515462.1239,10539.11212
1,62882.70853,313.1882348
2,842950.1635,16956.35789
3,330627.1105,5619.934059
4,3670025.731,59426.58623
5,462650.2465,6107.228763
6,311227.0583,7904.795937
7,95187.45376,1564.350506
8,2057983.431,33487.24487
9,1060712.656,19091.38065
10,30964.77848,466.0620703
11,180454.0831,1957.58507
12,1245091.427,23588.50427
13,686897.5083,13045.90679
14,351291.7971,5765.396407
15,303717.9757,4895.920729
16,426770.9625,6129.336213
17,444946.3792,10146.36188
18,50730.95959,743.2263545
19,412295.3343,8303.901362
20,636638.9995,17200.21619
21,753327.4489,17145.44654
22,520852.7446,6934.653423
23,305130.3056,7037.803323
24,582572.7284,8876.407207
25,104452.013,1442.405014
26,209815.3074,2182.189566
27,304097.9335,5273.582083
28,84319.99509,1241.133507
29,911715.4992,24524.14134
30,191819.1814,3934.30073
31,1880721.528,50383.8342
32,917751.9072,12156.49035
33,103241.2307,1500.328967
34,1017945.936,19042.94767
35,439701.7642,5176.425619
36,164993.594,2389.424499
37,1028723.694,25144.89952
38,137091.3182,2627.56319
39,552941.8908,9136.007081
40,117941.9592,1939.71915
41,811574.6352,11922.67279
42,2799070.503,48430.09602
43,385683.1488,2131.182787
44,19532.05108,227.3163052
45,620518.566,10325.69065
46,364763.5906,5240.632488
47,142051.885,2664.172518
48,636234.4707,7304.961566
49,56322.00895,698.6833665
50,515570.1561,10539.12696
51,62981.40601,313.3131127
52,843671.1543,16956.78404
53,330752.3978,5612.924421
54,3671842.851,59505.15332
55,463543.241,6109.688183
56,312019.4267,7913.308023
57,95431.90513,1569.188102
58,2060269.79,33545.75025
59,1061842.912,19118.50663
60,31110.10185,467.6733721
61,180601.9643,1956.215222
62,1245802.709,23599.70852
63,687325.2008,13048.73861
64,351468.845,5773.341098
65,303754.8614,4902.852111
66,427070.3216,6159.492758
67,445124.3332,10156.00122
68,50925.29827,742.7360833
69,412718.8326,8319.298574
70,637451.6282,17207.43827
71,761005.5946,17162.55326
72,522088.2463,6943.323744
73,305185.6372,7044.802213
74,582982.1914,8880.688466
75,104472.1813,1444.619604
76,210132.8922,2183.238997
77,304290.712,5281.749516
78,84638.54649,1242.268703
79,914543.5821,24547.23782
80,191971.1008,3934.571131
81,1884755.464,50444.67662
82,920831.8383,12164.13688
83,103415.8693,1501.381764
84,1019099.762,19050.05946
85,439849.7117,5335.211708
86,165178.2514,2392.968988
87,1032658.56,25182.29263
88,137265.6817,2633.065416
89,553656.708,9137.099495
90,118096.2042,1942.196948
91,812303.2847,11933.12322
92,2802641.419,48520.63742
93,385855.9485,2137.319526
94,19676.14054,227.6789073
95,621315.5277,10350.21084
96,365297.1904,5241.741769
97,142283.5077,2662.993241
98,636496.3467,7305.902008
99,56377.43122,698.4217809
100,515640.3122,10539.83861
101,63086.67595,313.4115915
102,844300.2954,16958.22118
103,330845.487,5606.125142
104,3673595.142,59562.06935
105,464397.4923,6112.151522
106,312755.528,7921.390184
107,95654.30511,1574.035594
108,2062297.907,33599.40258
109,1062904.469,19140.40773
110,31247.28556,468.9883171
111,180737.1354,1955.347344
112,1246363.617,23609.36364
113,687686.4646,13050.78361
114,351631.1585,5778.725135
115,303805.3546,4905.969806
116,427366.1984,6173.53566
117,445289.2151,10165.47902
118,51107.3273,742.2927321
119,413011.3353,8335.106872
120,638066.1339,17212.14511
121,768940.8179,17177.81547
122,523225.5384,6951.67118
123,305234.8936,7051.257446
124,583286.3515,8879.704718
125,104493.9188,1445.673595
126,210425.6077,2183.676753
127,304447.0514,5286.614326
128,84958.30712,1243.026503
129,917077.314,24575.1119
130,192111.227,3934.855191
131,1887628.038,50498.32132
132,924143.2849,12166.08305
133,103589.4321,1502.051887
134,1020196.913,19056.12638
135,439991.4858,5393.139942
136,165358.2662,2394.488927
137,1036753.762,25212.78127
138,137441.5617,2637.187162
139,554265.1044,9137.808609
140,118236.6682,1944.180471
141,813052.7879,11941.45929
142,2805624.471,48598.20132
143,386003.0457,2142.918036
144,19800.99312,227.9495202
145,621950.3549,10368.59109
146,365783.3966,5243.583125
147,142478.3117,2663.277106
148,636713.6496,7309.254736
149,56436.5283,698.4829984
150,515690.8414,10540.51077
151,63190.17821,313.482554
152,844881.4948,16959.42331
153,330913.1514,5600.690724
154,3675266.845,59605.58789
155,465203.1543,6114.465807
156,313425.0827,7929.343685
157,95856.02443,1579.014584
158,2064064.675,33648.30457
159,1063895.078,19158.3482
160,31380.78606,470.1211944
161,180860.8104,1954.831689
162,1246800.979,23617.7049
163,687994.8952,13052.37291
164,351771.2483,5783.206121
165,303850.9979,4908.106406
166,427646.4838,6181.269579
167,445435.1688,10174.68068
168,51276.2168,741.9386644
169,413221.7392,8351.451504
170,638527.7612,17215.11364
171,777023.9571,17191.6471
172,524261.7412,6959.569334
173,305276.5307,7057.185692
174,583521.5677,8881.554876
175,104512.4346,1446.034637
176,210697.519,2183.860758
177,304579.1467,5290.274151
178,85276.24684,1243.593929
179,919327.6274,24604.5494
180,192240.0657,3935.126715
181,1889753.95,50545.74919
182,927725.1091,12167.01053
183,103759.9902,1502.445987
184,1021224.228,19061.38221
185,440121.3199,5381.272112
186,165526.0866,2394.299356
187,1040990.722,25238.75853
188,137607.2632,2640.68644
189,554797.0945,9138.316476
190,118363.9091,1945.980204
191,813792.3119,11948.44604
192,2808169.07,48667.68119
193,386130.9193,2148.167405
194,19909.25372,228.1444426
195,622468.9334,10384.67624
196,366217.1991,5245.437691
197,142642.0667,2666.251646
198,636890.3814,7313.300176
199,56497.54577,698.5728567
200,515728.3905,10541.12801
201,63290.63343,313.5286593
202,845428.767,16960.42386
203,330961.8475,5596.73895
204,3676861.649,59639.05998
205,465959.9706,6116.632688
206,314031.0692,7937.196163
207,96038.08732,1584.090879
208,2065607.425,33692.72673
209,1064817.347,19173.24682
210,31510.54725,471.11588
211,180974.1824,1954.54288
212,1247144.442,23624.94715
213,688259.4205,13053.6108
214,351892.3813,5787.162827
215,303891.872,4909.79345
216,427909.706,6186.301014
217,445563.5979,10183.59571
218,51431.91987,741.6456758
219,413374.5311,8368.345624
220,638873.0898,17216.91024
221,785126.4521,17204.23207
222,525199.3497,6967.193471
223,305311.7084,7062.68572
224,583703.999,8888.854363
225,104528.1856,1446.057837
226,210948.9809,2183.948936
227,304690.7917,5293.223124
228,85592.18533,1244.027932
229,921315.0767,24635.02217
230,192358.3577,3935.375587
231,1891332.293,50587.43629
232,931604.1365,12167.49827
233,103925.8043,1502.670029
234,1022185.214,19065.95066
235,440240.1247,5353.960553
236,165681.5349,2393.265038
237,1045393.303,25260.83107
238,137762.4327,2643.781662
239,555260.563,9138.786542
240,118478.2938,1947.681615
241,814518.6983,11954.37584
242,2810354.9,48730.27608
243,386241.7983,2153.097758
244,20002.12434,228.2866276
245,622894.2689,10398.85334
246,366602.5218,5247.127574
247,142779.4124,2671.480522
248,637034.7139,7317.572744
249,56560.16987,698.6704334
250,515756.9914,10541.67399
251,63387.7352,313.5555673
252,845950.4499,16961.23191
253,330997.2168,5594.054618
254,3678382.698,59664.95768
255,466668.6987,6118.657113
256,314577.3863,7944.95912
257,96201.88307,1589.255687
258,2066956.354,33732.98269
259,1065675.04,19185.75311
260,31635.64068,472.0002052
261,181078.078,1954.383151
262,1247415.901,23631.24902
263,688486.6444,13054.5791
264,351997.1028,5790.742757
265,303928.064,4911.247305
266,428155.3932,6190.022835
267,445676.1201,10192.21662
268,51574.90918,741.3721648
269,413486.964,8385.792663
270,639130.8753,17217.93551
271,793109.3984,17215.66274
272,526043.3643,6974.919875
273,305341.4024,7067.818796
274,583846.4047,8898.984663
275,104541.5096,1445.968586
276,211180.3183,2184.008802
277,304785.3341,5295.684763
278,85905.37831,1244.366019
279,923063.099,24666.32186
280,192466.8678,3935.593938
281,1892513.801,50623.93095
282,935811.9675,12167.79588
283,104085.2585,1502.80485
284,1023082.229,19069.93425
285,440348.4887,5355.198675
286,165824.9418,2392.299217
287,1049971.242,25279.57581
288,137907.5285,2646.569861
289,555663.4521,9139.265128
290,118580.4572,1949.324594
291,815229.3284,11959.44014
292,2812250.203,48786.91812
293,386337.6809,2157.741639
294,20081.17101,228.3919996
295,623244.6503,10411.61905
296,366943.6831,5248.601546
297,142894.3061,2678.271788
298,637153.0326,7321.843106
299,56624.22874,698.7601219
300,515779.1631,10542.14693
301,63481.47838,313.5693412
302,846450.6264,16961.8782
303,331023.3172,5592.318243
304,3679833.033,59685.1022
305,467330.492,6120.543982
306,315068.2005,7952.633499
307,96348.87873,1594.501939
308,2068135.906,33769.39461
309,1066472.196,19196.32888
310,31754.99508,472.7911328
311,181173.1427,1954.291786
312,1247631.739,23636.7385
313,688681.8919,13055.33853
314,352087.4645,5793.98326
315,303959.9417,4912.531392
316,428383.9116,6192.892959
317,445774.4187,10200.53409
318,51705.85582,741.0997316
319,413570.9863,8403.789419
320,639323.0723,17218.46574
321,800839.3838,17226.02207
322,526799.958,6983.200935
323,305366.396,7072.623676
324,583958.3086,8906.92575
325,104552.702,1445.877746
326,211392.1296,2184.060786
327,304865.5782,5297.771335
328,86214.81456,1244.632717
329,924595.5248,24698.36709
330,192566.3187,3935.779485
331,1893405.707,50655.78889
332,940387.796,12168.00468
333,104236.9891,1502.897451
334,1023917.654,19073.41606
335,440447.1406,5386.905143
336,165956.7313,2391.931726
337,1054724.523,25295.48753
338,138043.142,2649.095662
339,556013.2568,9139.748023
340,118671.2162,1950.922844
341,815922.2318,11963.7728
342,2813905.385,48838.2984
343,386420.3882,2162.123415
344,20148.05297,228.4716342
345,623534.4293,10423.25485
346,367244.9194,5249.867296
347,142990.1773,2685.982687
348,637250.2736,7326.026548
349,56689.59716,698.8369197
350,515796.5532,10542.54922
351,63571.91378,313.5751162
352,846931.2215,16962.39326
353,331042.8725,5591.228103
354,3681215.397,59700.83859
355,467946.8188,6122.3001
356,315507.6838,7960.214237
357,96480.50418,1599.8264
358,2069166.796,33802.27738
359,1067212.649,19205.30639
360,31867.67236,473.4995035
361,181259.9573,1954.234893
362,1247804.109,23641.51825
363,688849.5748,13055.93594
364,352165.2287,5796.891771
365,303987.8537,4913.662533
366,428596.0217,6195.08446
367,445860.1441,10208.54541
368,51825.49225,740.8344131
369,413634.7229,8422.330172
370,639466.2161,17218.68959
371,808199.5274,17235.38209
372,527475.7562,6992.210499
373,305387.3708,7077.123179
374,584046.7261,8909.447835
375,104562.0555,1445.821995
376,211585.2569,2184.107761
377,304933.8187,5299.548514
378,86519.39976,1244.844654
379,925935.3233,24731.11875
380,192657.3889,3935.934102
381,1894084.414,50683.54067
382,945361.3986,12168.16308
383,104379.9433,1502.969468
384,1024694.102,19076.46277
385,440536.8026,5424.691165
386,166077.4313,2392.207504
387,1059646.619,25308.98897
388,138169.8256,2651.374871
389,556316.8075,9140.218089
390,118751.4808,1952.477912
391,816596.0945,11967.47919
392,2815356.582,48884.94351
393,386491.5831,2166.259524
394,20204.37927,228.5328603
395,623774.8008,10433.92268
396,367510.2312,5250.953504
397,143069.9865,2694.120642
398,637330.3133,7330.105824
399,56756.14405,698.9007896
400,515810.3024,10542.88827
401,63659.06866,313.5766268
402,847393.0936,16962.80415
403,331057.6984,5590.549799
404,3682532.383,59713.17234
405,468519.3337,6123.931601
406,315900.1533,7967.695927
407,96598.12674,1605.204174
408,2070066.962,33831.93064
409,1067900.044,19212.94077
410,31972.97201,474.1331011
411,181339.0904,1954.195908
412,1247942.281,23645.6783
413,688993.4414,13056.40648
414,352231.9556,5799.476812
415,304012.3259,4914.64914
416,428792.6884,6196.720727
417,445934.8153,10216.24889
418,51934.56053,740.5826141
419,413683.7261,8441.395478
420,639572.6189,17218.73389
421,815096.7777,17243.81464
422,528077.4994,7000.895555
423,305404.9333,7081.330953
424,584116.8675,8907.42734
425,104569.8425,1445.80133
426,211760.7065,2184.148499
427,304991.9281,5301.062183
428,86818.05375,1245.013762
429,927104.0037,24764.54344
430,192740.7006,3936.061229
431,1894604.7,50707.67459
432,950770.9745,12168.28895
433,104513.3937,1503.028756
434,1025414.369,19079.13097
435,440618.1546,5447.608456
436,166187.6479,2392.84275
437,1064726.237,25320.44085
438,138288.0892,2653.428949
439,556580.052,9140.658776
440,118822.1931,1953.986875
441,817249.8728,11970.64632
442,2816631.036,48927.28072
443,386552.7834,2170.160774
444,20251.64242,228.5803828
445,623974.6324,10443.71818
446,367743.4298,5251.891194
447,143136.3038,2702.365422
448,637396.2338,7334.084143
449,56823.77511,698.9518325
450,515821.2184,10543.1718
451,63742.95258,313.5762649
452,847836.5491,16963.13135
453,331069.0236,5590.121727
454,3683786.783,59722.86254
455,469049.8485,6125.445603
456,316249.7643,7975.072044
457,96703.02924,1610.600781
458,2070852.229,33858.63645
459,1068537.806,19219.43694
460,32070.45515,474.6984153
461,181411.1002,1954.166651
462,1248053.354,23649.29553
463,689116.7555,13056.7777
464,352289.0937,5801.756153
465,304033.6809,4915.497979
466,428974.9046,6197.924019
467,445999.825,10223.64286
468,52033.79191,740.3611049
469,413721.8076,8460.967951
470,639651.5436,17218.68143
471,821465.5684,17251.39728
472,528611.8031,7008.941194
473,305419.6108,7085.261584
474,584172.6833,8904.596674
475,104576.3066,1445.803624
476,211919.5829,2184.182189
477,305041.4483,5302.351419
478,87109.75646,1245.148924
479,928121.3715,24798.59614
480,192816.8419,3936.164954
481,1895006.307,50728.63241
482,956644.3438,12168.38949
483,104636.9264,1503.077607
484,1026081.43,19081.46816
485,440691.8096,5452.79253
486,166288.0578,2393.47535
487,1069948.01,25330.15153
488,138398.3869,2655.280575
489,556808.2967,9141.059312
490,118884.2864,1955.444289
491,817882.8739,11973.35029
492,2817750.428,48965.6773
493,386605.3346,2173.836759
494,20291.18189,228.6178003
495,624140.9805,10452.75063
496,367948.0242,5252.70661
497,143191.3321,2710.554553
498,637450.5535,7337.973637
499,56892.38576,698.9939262
500,515829.9166,10543.40783
501,63823.56261,313.5753732
502,848261.5391,16963.39265
503,331077.7097,5589.841085
504,3684981.141,59730.49019
505,469540.3384,6126.847775
506,316560.4882,7982.336411
507,96796.41844,1615.995256
508,2071536.703,33882.65983
509,1069129.156,19224.96278
510,32159.91242,475.20144
511,181476.5342,1954.143504
512,1248142.846,23652.43807
513,689222.3596,13057.07088
514,352337.9329,5803.756627
515,304052.3803,4916.224616
516,429143.649,6198.80647
517,446056.3794,10230.7312
518,52123.89838,740.1872166
519,413751.6461,8481.020368
520,639709.8827,17218.58443
521,827268.1223,17258.20238
522,529085.0522,7016.07198
523,305431.8666,7088.927992
524,584217.1872,8904.58048
525,104581.6645,1445.81668
526,212063.0434,2184.209154
527,305083.66,5303.44962
528,87393.56914,1245.257113
529,929005.4352,24833.24639
530,192886.359,3936.24933
531,1895318.124,50746.81051
532,963000.9875,12168.47109
533,104750.4092,1503.116931
534,1026698.282,19083.51543
535,440758.4354,5450.501505
536,166379.338,2393.861235
537,1075292.789,25338.38327
538,138501.1492,2656.946345
539,557006.1255,9141.414701
540,118938.6572,1956.847755
541,818494.5847,11975.65678
542,2818733.243,49000.46637
543,386650.4193,2177.294323
544,20324.18056,228.6475024
545,624279.5558,10461.08834
546,368127.2363,5253.420088
547,143236.9525,2718.643132
548,637495.3095,7341.783828
549,56961.84637,699.029251
550,515836.8649,10543.60437
551,63900.89432,313.5745969
552,848668.6399,16963.60177
553,331084.3815,5589.646649
554,3686117.951,59736.50142
555,469992.8598,6128.146521
556,316836.0841,7989.482588
557,96879.41829,1621.358606
558,2072132.839,33904.24755
559,1069677.092,19229.66371
560,32241.34614,475.6478479
561,181535.9211,1954.124749
562,1248215.092,23655.16675
563,689312.7153,13057.30235
564,352379.6201,5805.507789
565,304068.708,4916.845777
566,429299.8584,6199.457901
567,446105.5643,10237.51622
568,52205.57391,740.0732595
569,413775.1771,8501.514983
570,639752.8374,17218.4739
571,832491.9311,17264.30195
572,529503.2998,7022.214305
573,305442.0922,7092.343096
574,584252.7176,8908.224408
575,104586.1038,1445.832228
576,212192.2475,2184.230347
577,305119.6317,5304.384802
578,87668.66268,1245.34376
579,929772.5186,24868.44757
580,192949.7737,3936.31797
581,1895561.521,50762.56119
582,969845.7965,12168.53696
583,104853.9477,1503.147797
584,1027267.925,19085.3093
585,440818.6816,5451.2484
586,166462.1718,2393.946162
587,1080737.801,25345.36107
588,138596.7874,2658.441914
589,557177.5267,9141.725239
590,118986.1507,1958.194957
591,819084.6634,11977.62332
592,2819595.511,49031.95211
593,386689.075,2180.542353
594,20351.6671,228.6711793
595,624395.0246,10468.78056
596,368283.9964,5254.046837
597,143274.7612,2726.961199
598,637532.1824,7345.521135
599,57032.03174,699.0591807
600,515842.4479,10543.76736
601,63974.94846,313.5741405
602,849058.6483,16963.76991
603,331089.5206,5589.50357
604,3687199.805,59741.24248
605,470409.5335,6129.347771
606,317080.1163,7996.504654
607,96953.07331,1626.647867
608,2072651.637,33923.62636
609,1070184.511,19233.66223
610,32314.97691,476.043119
611,181589.7579,1954.109504
612,1248273.515,23657.53558
613,689389.9941,13057.48549
614,352415.1686,5807.039014
615,304083.0061,4917.373353
616,429444.406,6199.943756
617,446148.3283,10244.00415
618,52279.48599,740.0249991
619,413793.8107,8522.409932
620,639784.3083,17218.36734
621,837145.5961,17269.75942
622,529872.2142,7027.447387
623,305450.6193,7095.520962
624,584281.1193,8913.348079
625,104589.7796,1445.846077
626,212308.3523,2184.246878
627,305150.2859,5305.180919
628,87934.30692,1245.413218
629,930437.1857,24904.14549
630,193007.5677,3936.373664
631,1895752.421,50776.19568
632,977166.8834,12168.59082
633,104947.8415,1503.171559
634,1027793.331,19086.88059
635,440873.0882,5457.869264
636,166537.2252,2393.824831
637,1086256.817,25351.27596
638,138685.6956,2659.784276
639,557325.9613,9141.993372
640,119027.5507,1959.484748
641,819653.0019,11979.29959
642,2820351.408,49060.4221
643,386722.1987,2183.588901
644,20374.52852,228.6900772
645,624491.2864,10475.89387
646,368420.9373,5254.598675
647,143306.0927,2735.567386
648,637562.5591,7349.186959
649,57102.80584,699.0847128
650,515846.9284,10543.90304
651,64045.73459,313.5739884
652,849431.92,16963.90539
653,331093.473,5589.393008
654,3688229.148,59744.98472
655,470792.5151,6130.458847
656,317295.87,8003.396429
657,97018.34687,1631.833306
658,2073102.942,33941.00717
659,1070654.156,19237.06411
660,32381.13329,476.3924118
661,181638.5208,1954.097089
662,1248320.806,23659.59127
663,689456.0493,13057.63018
664,352445.4581,5808.376955
665,304095.5326,4917.820202
666,429578.1227,6200.309037
667,446185.4939,10250.19938
668,52346.26966,740.0434166
669,413808.6149,8543.650771
670,639807.2182,17218.27337
671,841253.7982,17274.63991
672,530197.06,7031.902083
673,305457.7339,7098.475448
674,584303.8509,8916.788692
675,104592.8252,1445.856862
676,212412.47,2184.25977
677,305176.4026,5305.860405
678,88189.89551,1245.468944
679,931012.3906,24940.28033
680,193060.2008,3936.418969
681,1895902.691,50787.9897
682,984919.9975,12168.63536
683,105032.5318,1503.18968
684,1028277.379,19088.25738
685,440922.2077,5466.845325
686,166605.1438,2393.646143
687,1091820.623,25356.29009
688,138768.2636,2660.987017
689,557454.5007,9142.223509
690,119063.574,1960.716397
691,820199.4654,11980.7278
692,2821013.537,49086.14224
693,386750.5788,2186.442229
694,20393.51853,228.7052655
695,624571.4983,10482.46585
696,368540.4667,5255.084987
697,143332.0565,2744.587275
698,637587.576,7352.78441
699,57174.01302,699.1065739
700,515850.4731,10544.01616
701,64113.2807,313.5740566
702,849788.9577,16964.01497
703,331096.5176,5589.304604
704,3689208.172,59747.94122
705,471143.9428,6131.485934
706,317486.3124,8010.150875
707,97076.12463,1636.881951
708,2073495.312,33956.58389
709,1071088.582,19239.95658
710,32440.24526,476.7005914
711,181682.6476,1954.086804
712,1248359.171,23661.37471
713,689512.4923,13057.74468
714,352471.2593,5809.545908
715,304106.4553,4918.197346
716,429701.755,6200.584499
717,446217.7904,10256.10824
718,52406.52986,740.1246042
719,413820.4158,8565.174818
720,639823.7879,17218.19503
721,844852.3188,17278.99913
722,530482.674,7035.738992
723,305463.6659,7101.219992
724,584322.0645,8916.908973
725,104595.3458,1445.864669
726,212505.6729,2184.269833
727,305198.6466,5306.440617
728,88434.93342,1245.513747
729,931509.7209,24976.78092
730,193108.0986,3936.455793
731,1896021.412,50798.18463
732,992976.3498,12168.67243
733,105108.5603,1503.20348
734,1028722.84,19089.46341
735,440966.5501,5473.809856
736,166666.5402,2393.527459
737,1097397.464,25360.53877
738,138844.8641,2662.059016
739,557565.7465,9142.420251
740,119094.8713,1961.891324
741,820723.9008,11981.94462
742,2821593.246,49109.35669
743,386774.8768,2189.11114
744,20409.2785,228.7175173
745,624638.3646,10488.52923
746,368644.6797,5255.513508
747,143353.585,2754.106822
748,637608.177,7356.314088
749,57245.45246,699.1253318
750,515853.3127,10544.10998
751,64177.61995,313.5742402
752,850130.2764,16964.10388
753,331098.8569,5589.232795
754,3690139.173,59750.27513
755,471465.9314,6132.434137
756,317654.2435,8016.763271
757,97127.21108,1641.764497
758,2073836.31,33970.5334
759,1071490.261,19242.41633
760,32492.8082,476.9721005
761,181722.5499,1954.077899
762,1248390.3,23662.92116
763,689560.706,13057.83509
764,352493.2125,5810.566271
765,304116.0164,4918.516192
766,429816.0213,6200.792266
767,446245.8428,10261.73773
768,52460.8379,740.2614998
769,413829.8211,8586.898574
770,639835.6629,17218.13254
771,847983.6718,17282.88855
772,530733.46,7039.097622
773,305468.6187,7103.765848
774,584336.6796,8914.653951
775,104597.429,1445.870138
776,212588.9693,2184.277716
777,305217.5885,5306.935158
778,88669.04233,1245.54971
779,931939.3415,25013.56586
780,193151.6564,3936.485565
781,1896115.51,50806.99246
782,1001188.847,12168.70283
783,105176.5337,1503.214021
784,1029132.406,19090.51992
785,441006.5584,5477.211424
786,166721.9736,2393.513247
787,1102953.845,25364.13849
788,138915.8591,2663.013129
789,557662.0021,9142.587908
790,119122.0265,1963.0103
791,821226.4791,11982.98092
792,2822100.545,49130.29614
793,386795.6816,2191.604146
794,20422.34814,228.7274084
795,624694.0865,10494.11787
796,368735.4716,5255.891018
797,143371.4431,2764.233849
798,637625.1375,7359.775392
799,57316.96653,699.1411613
800,515855.5946,10544.18746
801,64238.8024,313.5744605
802,850456.3787,16964.17539
803,331100.6558,5589.174397
804,3691024.146,59752.12128
805,471760.5318,6133.309541
806,317802.1788,8023.228725
807,97172.33806,1646.455331
808,2074132.511,33983.01799
809,1071861.442,19244.50681
810,32539.34922,477.211042
811,181758.6062,1954.070167
812,1248415.584,23664.26202
813,689601.8729,13057.9067
814,352511.899,5811.457174
815,304124.3254,4918.785539
816,429921.5764,6200.948655
817,446270.2105,10267.09495
818,52509.72655,740.4447458
819,413837.3323,8608.741516
820,639844.0973,17218.08427
821,850693.3955,17286.35714
822,530953.4182,7042.080037
823,305472.7466,7106.126561
824,584348.4115,8912.497569
825,104599.1528,1445.873975
826,212663.307,2184.283884
827,305233.7078,5307.356817
828,88891.96768,1245.578635
829,932310.1817,25050.54353
830,193191.2456,3936.509682
831,1896190.307,50814.59761
832,1009343.284,12168.72763
833,105237.0857,1503.2221
834,1029508.633,19091.44539
835,441042.6271,5478.356936
836,166771.9833,2393.582128
837,1108455.474,25367.18852
838,138981.6063,2663.862034
839,557745.2845,9142.729711
840,119145.562,1964.072824
841,821707.3893,11983.86337
842,2822544.234,49149.16854
843,386813.4826,2193.929926
844,20433.18113,228.7353747
845,624740.513,10499.26167
846,368814.5227,5256.223511
847,143386.2625,2775.059467
848,637639.0979,7363.166518
849,57388.35539,699.154731
850,515857.4406,10544.25159
851,64296.88847,313.5746651
852,850767.8165,16964.2324
853,331102.0451,5589.127033
854,3691865.333,59753.57955
855,472029.7364,6134.116527
856,317932.3605,8029.542431
857,97212.16643,1650.933056
858,2074389.73,33994.18416
859,1072204.321,19246.28354
860,32580.40897,477.4210786
861,181791.1689,1954.0635
862,1248436.118,23665.42405
863,689637.0097,13057.96329
864,352527.7944,5812.234844
865,304131.5922,4919.013218
866,430019.0541,6201.065478
867,446291.3704,10272.18844
868,52553.69254,740.6625662
869,413843.3331,8630.617858
870,639850.0348,17218.04813
871,853027.4905,17289.44663
872,531146.1449,7044.765859
873,305476.1891,7108.31432
874,584357.839,8912.454286
875,104600.5809,1445.87671
876,212729.5695,2184.288706
877,305247.4293,5307.716353
878,89103.55742,1245.601895
879,932630.0478,25087.63008
880,193227.2076,3936.529235
881,1896249.858,50821.16121
882,1017209.834,12168.74869
883,105290.8604,1503.228336
884,1029853.959,19092.25603
885,441075.1327,5479.259077
886,166817.0574,2393.680455
887,1113868.145,25369.77351
888,139042.4421,2664.616431
889,557817.3129,9142.84997
890,119165.9403,1965.079418
891,822166.9463,11984.61472
892,2822932.189,49166.1684
893,386828.7147,2196.097323
894,20442.15703,228.7418482
895,624779.1913,10504.00388
896,368883.298,5256.516115
897,143398.5668,2786.60237
898,637650.583,7366.488769
899,57459.43687,699.1664335
900,515858.9341,10544.30444
901,64351.94811,313.5748382
902,851065.0435,16964.27782
903,331103.1134,5589.088953
904,3692664.531,59754.73319
905,472275.4153,6134.860354
906,318046.8357,8035.700697
907,97247.29619,1655.17486
908,2074613.053,34004.16624
909,1072520.945,19247.79323
910,32616.51457,477.6055788
911,181820.5554,1954.057705
912,1248452.803,23666.43085
913,689666.9877,13058.008
914,352541.3151,5812.913877
915,304137.9103,4919.205512
916,430109.046,6201.153048
917,446309.7448,10277.02648
918,52593.19651,740.9029573
919,413848.1124,8652.429459
920,639854.1427,17218.02178
921,855030.2558,17292.19775
922,531314.8708,7047.20362
923,305479.059,7110.340273
924,584365.4219,8914.641732
925,104601.762,1445.878695
926,212788.565,2184.292462
927,305259.1052,5308.02331
928,89303.77796,1245.620564
929,932905.8287,25124.73065
930,193259.8574,3936.54504
931,1896297.414,50826.82479
932,1024581.157,12168.76576
933,105338.4871,1503.233164
934,1030170.673,19092.96577
935,441104.4211,5480.918616
936,166857.6533,2393.758853
937,1119158.864,25371.96426
938,139098.6897,2665.287535
939,557879.5885,9142.951719
940,119183.5702,1966.032795
941,822605.429,11985.25399
942,2823271.315,49181.47364
943,386841.7449,2198.114267
944,20449.59141,228.747133
945,624811.4044,10508.43728
946,368943.1088,5256.773523
947,143408.7901,2798.951249
948,637660.036,7369.741743
949,57529.99983,699.1765232
950,515860.1456,10544.34779
951,64404.06162,313.574964
952,851348.4519,16964.31377
953,331103.9368,5589.058678
954,3693423.933,59755.64544
955,472499.4039,6135.545818
956,318147.4393,8041.700605
957,97278.25634,1659.167349
958,2074806.909,34013.08702
959,1072813.187,19249.07554
960,32648.19197,477.7674984
961,181847.0674,1954.052744
962,1248466.359,23667.30335
963,689692.5675,13058.0433
964,352552.8154,5813.506694
965,304143.4379,4919.368125
966,430192.1013,6201.218866
967,446325.6957,10281.61851
968,52628.6606,741.1548789
969,413851.9359,8674.07292
970,639856.9388,17218.00336
971,856743.3229,17294.64447
972,531462.4616,7049.43036
973,305481.4544,7112.215049
974,584371.5404,8917.448989
975,104602.738,1445.880194
976,212841.0392,2184.295384
977,305269.036,5308.284892
978,89492.68234,1245.635584
979,933143.5147,25161.74443
980,193289.4901,3936.557815
981,1896335.382,50831.71027
982,1031304.422,12168.78043
983,105380.571,1503.236914
984,1030460.943,19093.58717
985,441130.8141,5483.088082
986,166894.1924,2393.793464
987,1124296.842,25373.82109
988,139150.6642,2665.88462
989,557933.4293,9143.037604
990,119198.8116,1966.933558
991,823023.3324,11985.79836
992,2823567.679,49195.24671
993,386852.8949,2199.989936
994,20455.74728,228.7514102
995,624838.2465,10512.53627
996,368995.1026,5257.000081
997,143417.2885,2812.044121
998,637667.8132,7372.92504
999,57599.86308,699.1852337
1000,515861.1327,10544.38371
1001,64453.31663,313.575048
1002,851618.5812,16964.34314
1003,331104.5702,5589.034726
1004,3694145.335,59756.36792
1005,472703.4323,6136.177146
1006,318235.8,8047.539238
1007,97305.53028,1662.903574
1008,2074975.129,34021.0547
1009,1073082.853,19250.16572
1010,32675.92067,477.9095176
1011,181870.9735,1954.048521
1012,1248477.405,23668.05857
1013,689714.3923,13058.07119
1014,352562.6032,5814.023992
1015,304148.2781,4919.505602
1016,430268.7342,6201.26837
1017,446339.5464,10285.97307
1018,52660.47689,741.4076505
1019,413854.9924,8695.457879
1020,639858.8029,17217.99053
1021,858204.7736,17296.82164
1022,531591.4989,7051.469465
1023,305483.4468,7113.949378
1024,584376.4783,8918.962594
1025,104603.5463,1445.881363
1026,212887.6775,2184.297656
1027,305277.4825,5308.508613
1028,89670.4173,1245.647686
1029,933348.235,25198.56792
1030,193316.3687,3936.56817
1031,1896365.749,50835.92241
1032,1037303.845,12168.79296
1033,105417.6835,1503.239827
1034,1030726.833,19094.1314
1035,441154.6151,5485.046969
1036,166927.0632,2393.787959
1037,1129254.282,25375.39555
1038,139198.6547,2666.415437
1039,557979.9813,9143.109975
1040,119211.9811,1967.783899
1041,823421.1064,11986.26197
1042,2823826.609,49207.63554
1043,386862.4274,2201.732674
1044,20460.8446,228.7549143
1045,624860.5856,10516.32047
1046,369040.2834,5257.199264
1047,143424.3583,2825.848068
1048,637674.2083,7376.041668
1049,57668.83071,699.1927559
1050,515861.934,10544.4134
1051,64499.80817,313.5751004
1052,851875.9343,16964.36653
1053,331105.0601,5589.015978
1054,3694830.433,59756.93891
1055,472889.1146,6136.758927
1056,318313.3401,8053.213676
1057,97329.54561,1666.381714
1058,2075121.115,34028.16895
1059,1073331.595,19251.09243
1060,32700.14691,478.0340048
1061,181892.5198,1954.04477
1062,1248486.393,23668.71258
1063,689733.0014,13058.0933
1064,352570.9269,5814.475473
1065,304152.4794,4919.62152
1066,430339.4305,6201.305686
1067,446351.5603,10290.09779
1068,52689.00259,741.652072
1069,413857.4233,8716.485511
1070,639860.0111,17217.98214
1071,859448.9087,17298.75802
1072,531704.2377,7053.341349
1073,305485.1116,7115.553053
1074,584380.4741,8918.432147
1075,104604.217,1445.882312
1076,212929.0916,2184.299442
1077,305284.6696,5308.699547
1078,89837.20381,1245.657428
1079,933524.5385,25235.10085
1080,193340.7422,3936.57655
1081,1896390.118,50839.55375
1082,1042549.367,12168.80363
1083,105450.3547,1503.242104
1084,1030970.243,19094.60783
1085,441176.0123,5486.370911
1086,166956.6207,2393.762224
1087,1134007.252,25376.7312
1088,139242.9374,2666.885
1089,558020.2072,9143.17079
1090,119223.3562,1968.585945
1091,823799.138,11986.65644
1092,2824052.786,49218.77566
1093,386870.5826,2203.350619
1094,20465.06566,228.7578014
1095,624879.214,10519.81209
1096,369079.5323,5257.374548
1097,143430.2474,2840.312099
1098,637679.4717,7379.092929
1099,57736.68421,699.1992596
1100,515862.5942,10544.43804
1101,64543.63492,313.5751371
1102,852120.977,16964.38489
1103,331105.4359,5589.001401
1104,3695480.922,59757.39171
1105,473057.9595,6137.294357
1106,318381.3648,8058.72229
1107,97350.67924,1669.601698
1108,2075247.742,34034.51975
1109,1073561,19251.87988
1110,32721.28285,478.1430711
1111,181911.9311,1954.041334
1112,1248493.701,23669.27948
1113,689748.8859,13058.11078
1114,352577.9981,5814.869022
1115,304156.1515,4919.719456
1116,430404.6058,6201.334001
1117,446361.9894,10294.00276
1118,52714.56243,741.8796619
1119,413859.3705,8737.063624
1120,639860.759,17217.97678
1121,860506.2061,17300.47902
1122,531802.6925,7055.049931
1123,305486.4976,7117.033995
1124,584383.7093,8916.719202
1125,104604.7681,1445.883039
1126,212965.846,2184.300833
1127,305290.7792,5308.86206
1128,89993.32828,1245.665281
1129,933676.2817,25271.23029
1130,193362.8392,3936.58326
1131,1896409.673,50842.6833
1132,1047072.738,12168.8127
1133,105479.0736,1503.243874
1134,1031192.94,19095.02491
1135,441195.2729,5487.139453
1136,166983.1823,2393.737643
1137,1138536.017,25377.86407
1138,139283.7823,2667.301063
1139,558054.9665,9143.222007
1140,119233.1748,1969.341553
1141,824158.0479,11986.99197
1142,2824250.331,49228.79018
1143,386877.5508,2204.850945
1144,20468.55991,228.7601621
1145,624894.7105,10523.03248
1146,369113.6126,5257.528542
1147,143435.1489,2855.352989
1148,637683.8009,7382.079125
1149,57803.2522,699.2046387
1150,515863.1262,10544.45763
1151,64584.90001,313.5751581
1152,852354.163,16964.399
1153,331105.723,5588.990278
1154,3696098.498,59757.74962
1155,473211.3945,6137.787045
1156,318441.0175,8064.063534
1157,97369.27257,1672.571193
1158,2075357.587,34040.18611
1159,1073772.48,19252.54792
1160,32739.69654,478.2385798
1161,181929.4168,1954.038272
1162,1248499.62,23669.77023
1163,689762.4192,13058.12464
1164,352584.0062,5815.212165
1165,304159.3138,4919.800569
1166,430464.6967,6201.35519
1167,446371.0368,10297.69664
1168,52737.45106,742.084208
1169,413860.9164,8757.097969
1170,639861.1963,17217.97351
1171,861403.4469,17302.00837
1172,531888.6373,7056.599808
1173,305487.6539,7118.401787
1174,584386.3315,8915.38521
1175,104605.2211,1445.883547
1176,212998.4448,2184.301807
1177,305295.9752,5309.000007
1178,90139.13367,1245.67159
1179,933806.8901,25306.85356
1180,193382.8647,3936.588608
1181,1896425.173,50845.38091
1182,1050928.654,12168.81963
1183,105504.2857,1503.24525
1184,1031396.611,19095.38994
1185,441212.597,5487.670004
1186,167007.0387,2393.726931
1187,1142825.519,25378.82517
1188,139321.4314,2667.67016
1189,558085.0041,9143.264901
1190,119241.6468,1970.052121
1191,824498.4211,11987.27715
1192,2824422.858,49237.78773
1193,386883.5131,2206.241372
1194,20471.45285,228.7620663
1195,624907.6159,10526.00269
1196,369143.2004,5257.664111
1197,143439.2328,2870.90596
1198,637687.3596,7384.997348
1199,57868.35744,699.209238
1200,515863.5557,10544.47396
1201,64623.70802,313.5751686
1202,852576.0808,16964.40982
1203,331105.9426,5588.982025
1204,3696684.706,59758.03096
1205,473350.7072,6138.240086
1206,318493.3077,8069.236292
1207,97385.62308,1675.298059
1208,2075452.863,34045.24158
1209,1073967.398,19253.1146
1210,32755.71887,478.3221923
1211,181945.1618,1954.035502
1212,1248504.443,23670.19456
1213,689773.954,13058.13553
1214,352589.1037,5815.510704
1215,304162.0695,4919.869018
1216,430520.0833,6201.371129
1217,446378.8944,10301.18822
1218,52757.9427,742.2614171
1219,413862.1437,8776.517628
1220,639861.4379,17217.97165
1221,862163.9676,17303.36492
1222,531963.6298,7057.982734
1223,305488.6143,7119.664348
1224,584388.4485,8915.494892
1225,104605.5961,1445.883922
1226,213027.3431,2184.302479
1227,305300.3943,5309.116943
1228,90275.00361,1245.676654
1229,933919.2653,25341.8728
1230,193401.0073,3936.592969
1231,1896437.547,50847.70479
1232,1054188.356,12168.82443
1233,105526.3958,1503.24632
1234,1031582.783,19095.70954
1235,441228.1791,5488.214772
1236,167028.4607,2393.73154
1237,1146865.278,25379.64004
1238,139356.1224,2667.997337
1239,558110.9504,9143.300744
1240,119248.9559,1970.718858
1241,824820.8696,11987.51963
1242,2824573.426,49245.86969
1243,386888.6101,2207.529119
1244,20473.84849,228.7636086
1245,624918.3703,10528.74237
1246,369168.8746,5257.783169
1247,143442.6367,2886.88375
1248,637690.2778,7387.850405
1249,57931.8482,699.2132113
1250,515863.8954,10544.48703
1251,64660.16648,313.5751739
1252,852787.0984,16964.41833
1253,331106.1157,5588.976104
1254,3697240.992,59758.25403
1255,473477.1442,6138.65652
1256,318539.1335,8074.240822
1257,97399.9978,1677.793077
1258,2075535.486,34049.74999
1259,1074147.017,19253.59404
1260,32769.64553,478.3953499
1261,181959.3318,1954.033057
1262,1248508.316,23670.5617
1263,689783.7807,13058.14411
1264,352593.4334,5815.770713
1265,304164.4412,4919.926348
1266,430571.125,6201.38313
1267,446385.7046,10304.48671
1268,52776.2755,742.408827
1269,413863.1114,8795.244594
1270,639861.5415,17217.97095
1271,862808.0166,17304.56918
1272,532029.0547,7059.220337
1273,305489.4127,7120.82918
1274,584390.157,8916.888656
1275,104605.9023,1445.884208
1276,213052.9487,2184.302966
1277,305304.1456,5309.216217
1278,90401.36062,1245.680688
1279,934015.9346,25376.19449
1280,193417.4376,3936.596307
1281,1896447.43,50849.70702
1282,1056927.546,12168.82816
1283,105545.7674,1503.247149
1284,1031752.889,19095.98896
1285,441242.1889,5488.815132
1286,167047.6834,2393.745154
1287,1150649.338,25380.33091
1288,139388.0761,2668.287186
1289,558133.3668,9143.330514
1290,119255.2591,1971.344185
1291,825126.0591,11987.72592
1292,2824704.907,49253.12919
1293,386892.9641,2208.721069
1294,20475.83171,228.7648547
1295,624927.3009,10531.26716
1296,369191.1525,5257.887801
1297,143445.4711,2903.180714
1298,637692.676,7390.639299
1299,57993.5639,699.2166594
1300,515864.171,10544.49772
1301,64694.38293,313.5751739
1302,852987.5834,16964.4249
1303,331106.2424,5588.972023
1304,3697768.904,59758.43215
1305,473591.8243,6139.039235
1306,318579.2924,8079.077381
1307,97412.63335,1680.063867
1308,2075607.141,34053.77091
1309,1074312.493,19253.99944
1310,32781.74279,478.4593558
1311,181972.0854,1954.030916
1312,1248511.446,23670.87922
1313,689792.1413,13058.15088
1314,352597.1073,5815.99745
1315,304166.5128,4919.974784
1316,430618.1526,6201.392131
1317,446391.6155,10307.60113
1318,52792.67435,742.5223197
1319,413863.8725,8813.218016
1320,639861.576,17217.97048
1321,863353.0281,17305.63816
1322,532086.1093,7060.328976
1323,305490.0794,7121.903889
1324,584391.5475,8918.455114
1325,104606.1565,1445.884429
1326,213075.6278,2184.303337
1327,305307.3355,5309.300264
1328,90518.6502,1245.683949
1329,934099.0882,25409.73076
1330,193432.3182,3936.598998
1331,1896455.286,50851.43109
1332,1059220.749,12168.83163
1333,105562.7249,1503.247793
1334,1031908.267,19096.23346
1335,441254.8027,5489.381803
1336,167064.931,2393.759322
1337,1154175.885,25380.91788
1338,139417.4915,2668.544052
1339,558152.7349,9143.355487
1340,119260.6935,1971.928958
1341,825414.6646,11987.90157
1342,2824819.709,49259.6469
1343,386896.6883,2209.823439
1344,20477.47423,228.7658829
1345,624934.7347,10533.58476
1346,369210.4799,5257.979919
1347,143447.8276,2919.671268
1348,637694.6504,7393.365133
1349,58053.39359,699.219646
1350,515864.389,10544.50632
1351,64726.46343,313.5751791
1352,853178.0386,16964.42992
1353,331106.348,5588.969376
1354,3698269.786,59758.57198
1355,473695.7961,6139.390964
1356,318614.4705,8083.746742
1357,97423.73594,1682.127035
1358,2075669.249,34057.356
1359,1074464.935,19254.3436
1360,32792.24438,478.5153301
1361,181983.5623,1954.029064
1362,1248513.967,23671.15391
1363,689799.271,13058.15615
1364,352600.228,5816.194995
1365,304168.3263,4920.015873
1366,430661.476,6201.399069
1367,446396.7424,10310.54017
1368,52807.3377,742.6019915
1369,413864.4685,8830.394658
1370,639861.553,17217.97048
1371,863813.9153,17306.58751
1372,532135.8559,7061.322168
1373,305490.633,7122.895247
1374,584392.6713,8919.080372
1375,104606.3659,1445.884605
1376,213095.7089,2184.303615
1377,305310.0519,5309.372131
1378,90627.33024,1245.686567
1379,934170.5981,25442.40184
1380,193445.7896,3936.601212
1381,1896461.537,50852.91621
1382,1061134.747,12168.8343
1383,105577.5598,1503.2483
1384,1032050.135,19096.44736
1385,441266.1599,5489.830248
1386,167080.401,2393.768242
1387,1157446.991,25381.41602
1388,139444.5637,2668.771584
1389,558169.4555,9143.37615
1390,119265.3794,1972.47645
1391,825687.343,11988.05101
1392,2824919.872,49265.49733
1393,386899.8688,2210.842279
1394,20478.83404,228.7667096
1395,624940.9107,10535.71167
1396,369227.2459,5258.060826
1397,143449.7938,2936.217346
1398,637696.2684,7396.029009
1399,58111.22678,699.2222295
1400,515864.5556,10544.51375
1401,64756.51552,313.5751791
1402,853358.881,16964.43437
1403,331106.424,5588.967806
1404,3698744.936,59758.68185
1405,473790.0151,6139.714233
1406,318645.2701,8088.248819
1407,97433.49149,1683.993913
1408,2075723.098,34060.55146
1409,1074605.314,19254.63575
1410,32801.35622,478.5642823
1411,181993.8846,1954.027358
1412,1248515.988,23671.39186
1413,689805.3358,13058.16028
1414,352602.8761,5816.367156
1415,304169.8752,4920.05
1416,430701.3769,6201.404132
1417,446401.1948,10313.31107
1418,52820.44354,742.6505849
1419,413864.9287,8846.735401
1420,639861.507,17217.97071
1421,864203.4703,17307.43034
1422,532179.2225,7062.21262
1423,305491.0963,7123.8094
1424,584393.5908,8918.482203
1425,104606.5398,1445.884737
1426,213113.481,2184.303847
1427,305312.3555,5309.433542
1428,90727.87276,1245.68867
1429,934232.0928,25474.13252
1430,193457.9843,3936.602983
1431,1896466.52,50854.19548
1432,1062727.236,12168.83616
1433,105590.5297,1503.248702
1434,1032179.646,19096.63456
1435,441276.3395,5490.149833
1436,167094.2799,2393.770376
1437,1160467.767,25381.83917
1438,139469.4703,2668.972365
1439,558183.907,9143.393386
1440,119269.4178,1972.988853
1441,825944.652,11988.17747
1442,2825007.294,49270.74874
1443,386902.5872,2211.783764
1444,20479.95953,228.7673923
1445,624946.0552,10537.66183
1446,369241.7888,5258.131913
1447,143451.4291,2952.676846
1448,637697.5975,7398.631228
1449,58166.94906,699.2244575
1450,515864.6902,10544.51969
1451,64784.6423,313.5751843
1452,853530.5396,16964.43727
1453,331106.4831,5588.967268
1454,3699195.651,59758.76842
1455,473875.3726,6140.010949
1456,318672.2323,8092.586187
1457,97442.05885,1685.67888
1458,2075769.811,34063.39922
1459,1074734.601,19254.88384
1460,32809.25902,478.6070753
1461,182003.169,1954.025834
1462,1248517.608,23671.59746
1463,689810.5015,13058.16358
1464,352605.1265,5816.517287
1465,304171.224,4920.078811
1466,430738.1371,6201.407882
1467,446405.055,10315.92275
1468,52832.15666,742.6701852
1469,413865.2886,8862.213023
1470,639861.461,17217.97095
1471,864532.6364,17308.17659
1472,532217.012,7063.014528
1473,305491.4805,7124.651663
1474,584394.3287,8917.341369
1475,104606.6815,1445.88487
1476,213129.2083,2184.304032
1477,305314.3161,5309.486021
1478,90820.74624,1245.690387
1479,934284.9764,25504.84598
1480,193469.0208,3936.604346
1481,1896470.406,50855.29707
1482,1064052.133,12168.8375
1483,105601.8636,1503.249024
1484,1032297.83,19096.79824
1485,441285.4994,5490.387185
1486,167106.7185,2393.767644
1487,1163246.139,25382.19822
1488,139492.3742,2669.149223
1489,558196.3874,9143.407879
1490,119272.8973,1973.467482
1491,826187.3207,11988.28514
1492,2825083.597,49275.46219
1493,386904.916,2212.653485
1494,20480.89197,228.7679598
1495,624950.3318,10539.44834
1496,369254.4005,5258.194397
1497,143452.7889,2968.883132
1498,637698.6907,7401.170386
1499,58220.49905,699.2263831